Time,Vmax_kdeg=0.10
1,0.466358501
4,0.439224604
7,0.418067306
10,0.400629694
13,0.385598163
16,0.372817781
19,0.361855957
22,0.351512312
25,0.342097198
28,0.333772091
