Luciferase,pH_range,Slope,Intercept,R_squared,N_points
FLuc,6.0-8.3,0.8858062570736205,2.934154346837346,0.5669629515276807,1872
